,dreams,median_Valence,median_Arousal,atom_seq
9049," '1984-037', ' '11/20/84', ' ""I meet several school friends from my school in BERLIN in 1930's...I am amazed to see them in M. City and we hug and go to dinner together. happy. I introduce them to Frank and Chloe.""",0.4116093766970811,-0.0591994702935342,3 3 3 3 3 3 3 3 82 50 50 50 50 50 50 50 50 50 50 50 50 50 50
9506," '1975-034', ' '12/3/75', ' 'Father Andrew and Marissa are living in our attic. Later, I yell at Frank ""Where do we go now?"" He walks a and I am stuck in a snow bank...'",0.4116093766970811,-0.0591994702935342,50 50 50 50 50 50 50 50 50 50 20 50 20 94 94 94 94 95
771," '0404', ' '04/13/81', ' ""Co-workers Tyler, Juliet, and I are playing music together. I'm playing a banjo. We take turns playing lead and back up. It's good team work.""",0.3618435035298442,-0.0435741398465793,9 54 54 54 54 54 54 54 54 54 54 104 104 54 54 54
7000," '161', ' '03/25/49', ' 'I see O.M. (Dec. 1943) and talk stamps with him. I see a page of Egyptian stamps and ask if he is collecting Egypt now. (He was a stamp collector.)'",0.2752993077432768,0.3323807003325157,5 5 38 38 38 15 2 83 83 83 83 83 83 83 83 83
1578," '1550', ' '08/24/89', ' 'I\'m in the passenger seat. Howard is driving and as I talk to him I call him ""Father."" He says, ""Did you hear what you said?"" I say, ""Yes, I meant to say that! You are acting like him and I don\'t like it.""'",0.266088459752442,-0.0413113746352753,40 40 40 40 50 38 38 93 93 93 93 93 93 93 93 124 124 124 124 124 124 124 124 124 0 124 124 124 124 96 124 124 124
8673," '0289', ' '2001-09-23', ' 'Actually they are just sounds. It sounds like fireworks or explosions that you would hear in a battle. At first I thought they were the latter.'",0.266088459752442,-0.0413113746352753,57 48 124 85 124 124 124 124 124 124 124 124 47 58 7 7
2530," '1637', ' '01/11/90', ' 'I am rehearsing and planning some presentation with a few people. It\'s lots of work and I finally give up and say to the others, ""I hope you don\'t mind; let\'s scrap what we\'ve started. Other groups are just being spontaneous and do something simple and direct."" They agree.'",0.2473991442641283,0.045437596697745,119 119 119 119 119 119 119 119 119 119 104 104 104 104 104 104 104 104 104 124 124 124 124 124 124 124 124 43 43 41 41 109 109 109 109 33 33 24 24
2857," '2731', ' '12/06/94', ' 'I have joined the KidsSport swimming group. I am an adult, the only one with all those kids. Now I am the KidsSport writer. I feel a bit silly.'",0.2473991442641283,0.1813211633236344,9 119 119 119 119 119 119 119 119 33 33 119 33 33 33 121 121
7903," '0294', ' '2001-09-28', ' ""I was facilitating one of my dream groups. I counted and there were six or seven people there. I thought Oh good I'm making a decent amount of money tonight.""",0.2473991442641283,0.1813211633236344,119 119 119 119 119 119 119 119 119 119 119 119 124 57 57 57 57 57 74 74
8805," '1569', ' '2007-03-25', ' 'I was testing small appliances for a particular group of people. There were more than twelve people and each one had three or four small appliances. I was trying to figure out the best or most efficient way to do it.'",0.2473991442641283,0.1813211633236344,119 119 119 119 119 119 33 33 119 33 33 119 119 119 119 119 119 119 119 119 119 69 119 19 19 74 74 74 24 24
8894," '1345', ' '2006-07-14', ' 'SAID product sales. There were a few other people. I knew them. I was talking with one of them. We had differing opinions.'",0.2473991442641283,0.1813211633236344,119 119 119 119 119 119 119 33 35 35 35 35
8917," '0730', ' '2003-11-27', ' 'There were three couples and I have no idea who they were. One of the couples was engaged. The other couple was about to become engaged. By the end of the dream all three couples were engaged. For either one or two of the couples there was some suspicion, I think from the woman, that her mate was either not truly committed to their relationship or maybe he was seeing being unfaithful. That may be why they became engaged - so he/they could prove to their partners that they were committed.'",0.2473991442641283,0.1813211633236344,119 119 119 119 7 119 119 119 119 119 119 119 119 119 119 119 119 119 119 119 75 119 119 119 119 119 119 119 119 119 119 119 119 119 119 119 119 119 119 48 48 26 26 26 26 26 26 27 26 6 6 41 7 7 7 7 76 76 11 57 76 25 25 11 11 11 27 44 27 11 41 31 31 109 85
9270," '1969-033', ' '6/9/69', ' 'In Church: from a far distance. See man in robe start to dance; ""That\'s not Father Andrew."" Many dancers come down from rafters and dance and do acrobatics; I am intrigued, but then start to iron.'",0.2473991442641283,-0.0591994702935342,82 82 13 8 8 8 20 20 50 50 50 119 119 119 50 50 119 104 104 54 54 104 54 54
12847," '238', ' '06/06/1996', ' ""Shoreline Crappies  I'm at a lake, which may be Mud Lake. There are crappies along the shore; two or three in a group. I want to fish for them and catch them.""",0.2473991442641283,0.1813211633236344,40 40 40 40 40 40 119 119 119 119 119 119 119 119 119 119 119 104 104
14518," '0579', ' 'Off-Campus:05/18/02', ' 'Dreamt of a nest of penguins in our backyard.  Some of the babies were starting to get their feathers in.'",0.2473991442641283,0.0132960889707867,46 48 48 63 63 50 50 50 119 119 109
16789," '1067', ' '01/17/64', ' 'I met Al and he said, ""I bet you have about four winners."" He said one was Buster ? paid $70 and three others he mentioned. I couldn\'t understand or hear clearly. He sort of mumbled or didn\'t say it clearly or loud enough.'",0.2473991442641283,0.1813211633236344,38 38 119 119 119 47 119 119 119 119 119 119 119 119 119 119 119 119 119 119 119 96 11 11 96 43 96 96 27 43 57 57
16954," '0660', ' '04/28/60', ' 'I was flying on two occasions. On one I had two children and was flying with them. A doctor was listening to my heart beat as I flew.'",0.2473991442641283,0.1813211633236344,10 119 119 119 119 119 119 119 119 119 62 35 46 35 93 62
17140," '0853', ' '04/19/63', ' 'I was with Charley Charvat at work on a couple of occasions He was complaining of the low rate he was receiving.'",0.2473991442641283,0.1813211633236344,119 119 119 119 119 119 119 119 119 11 11 11
18138," '094', ' '08/22/39', ' 'I see 4 circles, each with a few thread- or blade-like structures protruding over margin. These seem to be 4 entomological questions or problems, associated in some way with the mowing of my lawn.'",0.2473991442641283,0.1813211633236344,119 119 122 119 119 119 119 119 119 119 119 119 119 33 74 74 74 74 63
5348," '149', ' '06/20/2004 (age 15)', ' 'I dreamed that I lived on the 2nd floor of Bundy and I lived with a new Asian girl. We met for hockey practice every day. She was nice. We had trouble storing all our stuff though.'",0.2400017480447882,0.2365409607983069,28 28 38 38 38 38 38 38 38 38 38 38 38 38 38 38 38 38 1 1 79 7 79 79
9396," '1978-030', ' '5/29/78', ' 'Again I am back at the Counseling Center with many calls and clients scheduled; later I walk to our house and see Frank and friends worriedly looking for us by the alley.'",0.2400017480447882,-0.0591994702935342,50 20 20 119 45 45 38 38 50 38 50 82 50 50 50 82 50 50 82 82
9998," '1987-016', ' '8/9/87', ' 'We are living in a house that is being REMODELLED. I see many acquaintances who are sort of camping out; one says that she is tired of living out of suitcases; I can see many different rooms as there are no walls yet; one of them is an L-shaped room. Vague ending'",0.2400017480447882,0.1813211633236344,38 38 119 119 119 119 119 119 119 119 119 119 78 42 96 27 27 27 27 27 27 76 76 76 76 119 119 119 119 119 119 119 119 119 63 112 112 112 10 10
10985," '0347', ' ""The concert was overflowing with people. Out on the stage stepped Nelson Eddy, America's favorite baritone. I had talked to him before the concert and told him that someday I would like to sing on this very stage. Imagine my surprise when he asked me to sing several s on the program with him, the great Nelson Eddy.""",0.2400017480447882,0.1813211633236344,38 38 38 38 1 1 31 31 31 47 47 85 124 54 54 54 54 54 54 2 2 2 38 38 119 119 119 119 119 119 119 119 119
12875," '1684', ' '04/30/1998', ' ""Smoking With Gordie  I'm smoking a joint of marijuana with the man named Gordie that I met on the Backcountry Trail and others. We seem to be on the Backcountry Trail.""",0.2400017480447882,0.2365409607983069,9 9 9 9 38 38 38 38 38 38 38 38 38 38 33
13325," '277', ' '07/01/1996', ' 'Bubba is Back  My friend Bubba Hacker is back from National Guard basic training. I meet him. We shake hands and share a partial hug. Our friend Stephen Ramos meets us, and then we all meet our friend Kevin Simpson.'",0.2400017480447882,-0.0591994702935342,20 111 9 9 9 9 51 51 9 38 38 38 38 5 50 50 50 20 50 50 50 50 50 50 50 50 50
14550," '0517', ' 'Off-Campus:02/14/02', ' 'I dreamt the man had an internship interview with, Parry Farmer was, the landlord I met at the other house I had considered renting at.'",0.2400017480447882,0.2365409607983069,37 37 9 9 38 37 38 38 38 38 38 38 38 38
15915," 'Job-M-8', ' '05/18/64', ' ""Something about a square step, that is a step made of three lines at right angles to each other and there's something about chasing a child. That's all I can get.""",0.2360847652703292,0.0975102462660049,10 10 10 10 10 119 119 119 119 119 119 119 119 62 42 96 96 124 124 27
6537," '200', ' '12/06/53', ' ""Dreamt of H's twin girls. Telling H. Kathleen had told about some clever remark the twins had made. Kathy protesting Beth's use of their father's papers.""",0.2334286828672483,0.0536622297226454,45 45 45 45 45 45 45 45 45 45 11 48 11 48 48 122
9111," '1994-012', ' '10/4/94', ' ""We are at a distant resort; and we meet up with the SCHRAMMS. They are with friends and so are we. Our plans don't include the others, but I want to spend time with Margaret. Then I get the news that Patrick has died. Should I tell their friends, or wait till they read it in the obituaries? (vague ending)""",0.2262992891573417,0.0447680506619489,50 50 51 50 50 51 22 22 22 33 33 50 50 50 50 50 50 50 50 50 34 34 34 20 50 50 104 104 116 93 9 9 86 0 0 0 0 38 38 38 38 38 38 38 38 33
1964," '0991', ' '07/03/88', ' 'Hank complains to me that I\'m not doing my work well or says something about it. I confront him and say, ""It\'s a trust issue, isn\'t it?"" If you trusted me, you wouldn\'t be worried about how I did my work.'",0.2247703862765301,-0.0413113746352753,96 27 24 96 96 96 96 96 74 74 96 96 96 96 5 5 64 64 124 124 124 124 124 124 90 43 41 41 85 85 27
3368," '1551', ' '08/24/89', ' 'My mother and I are at Ginny\'s house taking a tour of it. I ask where the bedroom is, in German. ""Wo ist der___?"" Then I laugh and say, ""That\'s not French; how do you say it in French?"" My mother says, ""Su a huiet."" I say, ""Oh yeah. That\'s it.""'",0.2247703862765301,-0.0413113746352753,22 22 40 40 40 38 56 17 12 12 12 12 12 12 20 12 96 96 124 124 124 124 124 124 124 124 124 124 124 96 96 96 96 0 124 124
3595," '2499', ' '06/04/93', ' 'We are invaded by a group of powerful men who belong to the NEW America group, like the communists or something. They are like brainwashing people like a religion does. I fight it. A woman says things and the male leader says, ""I am bored."" She is hurt, ""You mean to say I am boring?"" Another man says conciliatorily, ""Is it that you are not enthusiastic or interested right now?""'",0.2247703862765301,-0.0089221869512346,119 119 119 119 119 119 119 119 119 119 119 119 119 119 119 119 79 33 96 96 96 96 96 26 95 96 96 96 26 26 26 26 95 96 26 95 95 32 124 32 32 32 32 124 27 27 96 96 96 96 96 96 124 124 96 96 27 27
13811," '275', ' '06/29/1996', ' 'Wally Fired  My boss Wally from the Middle Mall is being fired. I talk to one of the other janitors and he says that Wally has been doing some bad things.'",0.2247703862765301,-0.0918266734523213,9 9 9 9 38 38 38 38 38 38 38 38 38 20 95 96 96 96 96
1263," '1156', ' '12/18/88', ' ""I'm on stage, in the back, just watching, as comedians come out and do their bits. I look in the audience and see a row of comedians who are competing and think I could do as well as they. But I don't try.""",0.2161530215701516,0.0447680506619489,54 54 54 73 73 119 119 119 104 104 119 119 104 63 10 105 56 56 119 119 119 119 119 119 27 27 85 85 85 85 85 85
9008," '1987-003', ' '2/15/87', ' ""Frustrations: can't seem to get together with Frank, with Cindy at a concert and we can't exchange our ticket; so we walk thru the streets looking for a bus ride home; - shift: lightening strike like an explosion.""",0.2125968302698952,-0.1055721521715034,50 50 50 50 20 20 50 50 34 50 50 50 50 98 82 82 82 82 82 82 107 40 40
9172," '1961-003', ' '2/10/61', ' 'Dream about confession: Father Andrew looking for cavities in my teeth; I sit in dental chair; I follow Father Andrew from one bldg. to the other ""cast a stone for what sins?""'",0.2125968302698952,-0.1102331725305733,20 20 20 55 55 55 20 20 20 20 20 20 20 20 20 9 48 48
9305," '1965-044', ' '12/15/65', ' 'Someone in Church committed suicide - a protest against religion; sign of unbelief; very sad. I am with Father Andrew and Marissa Camden at the end of a service.\n- Go to play with children and ride in a sleigh. Marissa beckons me: ""Let us ride together,"" but only a short ride.'",0.2125968302698952,-0.0591994702935342,100 105 11 11 67 67 67 32 32 67 67 67 20 20 20 20 54 54 56 56 54 54 54 54 50 50 50 50 98 98 50 50 50 50 98
9330," '1982-011', ' '1/21/82', ' 'We are on the train to the Retreat Center and Frank sleeps all the time; suddenly we are at the Retreat Center and I talk with the director and friend Patrick; I say: ""Oh you have new dishes."" See Reynaldo who wants to travel back to M. City with us.'",0.2125968302698952,-0.0591994702935342,50 50 50 50 50 50 50 50 50 50 50 50 50 50 50 50 20 50 22 22 22 22 26 124 22 20 20 20 20 20 20 20 20 20 20 20 20
9444," '1964-002', ' '2/7/64', ' 'Big holiday at Church: a gallery for visitors and many children, including ours, crawling around on the grass. I am concerned about glasses (drinking glasses?) and gather them up; first I sit with Frank and look down on the ceremony. Then go down and discuss with Father Andrew and others why so few people come. Many reasons: it is the first of the month, difficult time of day, etc. I realize I forgot to take communion, but do not feel guilty.'",0.2125968302698952,0.103643679499993,119 119 119 119 119 119 119 119 63 63 63 9 13 13 15 15 15 15 63 63 63 63 63 20 50 50 51 20 20 20 20 50 50 94 94 16 50 50 50 50 50 119 119 119 119 119 119 119 119 119 119 119 119 1 1 1 1 1 1 1 1 1 1 1 24 24 24
9734," '1986-037', ' '8/18/86', ' 'I go to Father Andrew in order to apologize for missing Church on Sunday. He is very friendly; talk about the Retreat Center and he asks if I received the letter he sent on Monday. Then Marissa Camden comes to sit next to us. good warm feeling.'",0.2125968302698952,0.0536622297226454,20 20 20 20 1 1 1 51 38 9 50 50 50 5 5 38 38 74 74 45 45 74 74 1 45 95 95 95 95 20 20 50 50
9768," '1961-012', ' '5/30/61', ' 'I try to go over Niagara Falls in a canoe: dangerous canoe journey: Frank gives me advice on how to go the SAFE course. also less adventuresome.'",0.2125968302698952,-0.1102331725305733,81 98 98 20 20 20 20 20 20 20 20 20 57 57
9827," '1968-016', ' '9/15/68', ' 'Marissa Camden comes to our house in a pink dress; we start to talk, but then Father Andrew gives her the signal and she has to leave.'",0.2125968302698952,-0.0918266734523213,50 50 50 50 51 50 20 20 20 20 20 20 95 95 95
9849," '1985-042', ' '7/28/85', ' 'On a journey with Zena and Father Andrew; at the end of the trip, Father Andrew bends down and kisses Zena gently and congratulates her; it is her birthday. (cf 8-16-85 below)'",0.2125968302698952,-0.0591994702935342,20 20 20 50 50 50 50 98 98 50 50 50 50 20 32 32 4 125
9879," '1982-009', ' '1/14/82', ' 'Pedro and I are in a play; he gets lots of applause; later we sit and talk and his gay friends arrive and I leave; shift: with Marissa Camden again, helping her take care of a baby; I call Father Andrew and tell him that I have broken my fingers in several places; He says: ""How is your motivation now?"" I say: ""Fine.""'",0.2125968302698952,0.0132960889707867,20 20 20 20 20 20 20 20 20 50 50 50 38 38 38 38 38 50 50 50 51 51 51 51 51 42 42 93 93 93 93 5 93 20 20 20 104 4 4 63 63 63 63 63 124 124 124 124 124
10062," '1963-002', ' '1/29/63', ' 'With Father Andrew, Marissa and Frank on a Thanksgiving holiday; I end up washing the dishes: and Father Andrew works on sink to help unplug it, so that the water can flow more freely!'",0.2125968302698952,-0.1102331725305733,20 20 50 9 9 122 122 20 20 20 20 20 20 20 20 20 20 104 101 101 101 101 85
13152," '937', ' '07/06/1997', ' ""Wally's Birthday Check  My brother Wally gives me a check for $20. My sisters Heather and Ramona also get $20 checks. The check may be for my birthday.""",0.2125968302698952,-0.1102331725305733,60 20 20 20 20 20 20 20 20 20 20 20 22
1946," '1571', ' '09/07/89', ' 'Ginny and her sister look alike. I say, ""There are two Ginny\'s here! How can that be!"" She laughs and says, ""This is my sister.""'",0.2124140896880608,-0.0413113746352753,20 42 42 42 119 34 34 124 17 124 124 124 124 124 95 0
8741," '1132', ' '2005-09-17', ' 'I was an Eucharistic Minister at church. I drew a map for mother showing her how we do it at our church.'",0.2122313491062263,0.0840024050299559,37 37 9 3 17 17 17 17 17 17 17
9169," '1977-025', ' '5/30/77', ' 'Confusion at a carnival; I say to our friend at Ely: ""I really can\'t understand you... what are you saying?"" Later I am ousted from the Jung Assn. why?'",0.2122313491062263,0.0697431178299583,22 22 22 22 124 124 17 17 124 27 27 124 124 124 41
13504," '041', ' '01/20/1996', ' 'Jens is Washing Sheets!  I am in my room with my roommate Jens Nils. I ask him about washing his sheets (i.e., if he has, or if he is going to). He points to them and says, ""Yeah, look, I\'m going to do it...""'",0.2122313491062263,-0.0918266734523213,63 63 63 63 12 20 20 20 20 20 20 20 5 5 45 15 83 83 83 83 83 83 95 95 17 17 95 94 94 94 94 96 96
14571," '0523', ' 'Off-Campus:02/17/02', ' 'I was in a little pub.  It was supposed to be the place my great grandmother Margaret used to go with her husband to dance, in Norway.  It was fun to watch them, and eventually we went home to a rickety old place.'",0.2122313491062263,0.0840024050299559,17 17 17 17 17 17 17 17 17 1 1 17 17 22 22 22 50 38 51 50 50 50 50 54 50 50 73 73 50 51 51 82 82
15576," '076', ' '07/19/1999', ' 'There was a hammer and 2 anvils; for in case you lost your rubber band, and if you forgot, and because ??? for that. There were European folk dancers swirling around ???. 2, 3, 6, 12, and 24. Good s were good. Derivatives of 33.'",0.2122313491062263,-0.0413113746352753,7 124 124 124 124 124 124 124 124 124 124 17 17 17 17 31 48 48 48 11 9 109 11 79
16013," 'Thor-S-8', ' '11/29/63', ' 'I was talking to Alex, the girl and her uncle Jay about what marvelous food they had here. Somebody asked me where you can get good cheese like that. I said, ""You can get good cheese like that anywhere. We used to get good cheese like that in Germany.""'",0.2122313491062263,0.0840024050299559,42 42 42 26 26 26 26 17 41 17 41 17 17 17 17 17 17 17 17 17 17 124 85 124 124 124 124 124 124 124 85 85 24 79 79 79 17 17 17
16959," '0068', ' '08/03/49', ' 'I was going hunting. A lady said, ""We should hunt fox. There is a lot of them here."" I said, ""Sure, $25.00 a .""'",0.2122313491062263,0.0840024050299559,17 17 17 26 26 17 17 34 17 92 17 17 17
17035," '0782', ' '01/21/62', ' 'I was looking at some clamps on a bookend. It was supposed to indicate a road and these clamps were new, which meant a new road.'",0.2122313491062263,0.0840024050299559,17 17 17 17 17 17 17 17 17 17 107 107 107 107
17565," '2-137', ' '1971-04-04', ' 'I was in college and had missed several classes, including government, I think, and Russian, in which I was supposed to memorize a dialog.  I was definitely an undergraduate, but the scene was one of the big rooms in the building where I now teach.'",0.2122313491062263,0.0840024050299559,119 119 119 119 119 119 119 119 48 9 17 17 17 17 17 17 17 17 17 17 37 37 37 37 37 37 107 107 107 107 107 107 107 107
8962," '1963-025', ' '8/11/63', ' ""At Father Andrew's: Marissa there too. See a fat, sloppy woman. She does not want me to go to Church; I have to ask Father Andrew to take me, and my three children. At first he is annoyed, then he agrees and embraces me.""",0.2065127673793004,-0.0503744302017779,42 42 95 95 95 95 95 95 34 26 34 34 3 38 20 20 20 20 20 20 20 119 119 119 119 119 119 119 119 33 27 32
9011," '1964-012', ' '6/15/64', ' ""Greta Hogan (wife of Frank's friend). Greta and Frank are obviously flirting with each other. We are at a motel and then walking in the woods. I get angry at Frank. I tell him he must wait for me when I get Reynaldo and Zena who have awakened from their nap.""",0.2065127673793004,-0.0591994702935342,22 22 50 50 50 50 50 50 50 50 50 50 82 82 82 82 82 82 82 82 50 50 20 20 20 93 20 20 104 104 34 20 51 83 62 86 86 86
1176," '1315', ' '03/14/89', ' ""I want to make love to Howard. I'm on a couch. But if I do, I'll have to always do it. It would be reopening the relationship. I lose the sexual feeling.""",0.2004287044887056,-0.1102331725305733,20 20 20 20 20 20 34 34 34 96 124 124 90 90 90 24 24 24 24
1317," '2575', ' '09/19/93', ' ""Merle calls me from Idaho. He's ill and needs my help. I am going to go to Idaho to help him out.""",0.2004287044887056,-0.121299909242873,95 95 34 34 34 34 34 34 104 104 104
1338," '1694', ' '07/02/90', ' ""Nate calls me up. He's drunk as usual. I sigh and can't decide if I'll talk to him or not. I feel sad.""",0.2004287044887056,-0.121299909242873,95 95 34 34 34 34 34 34 34 34 34 34
3285," '1572', ' '09/08/89', ' 'Joseph and I are going to dance (Indian dance like at a pow-wow). But in order for him to teach me, we need to find a sharp straight edge at a 45 degree angle. Then I see two woven baskets and I am working on unraveling a third so I can rebuild it well. Someone asks if I can sell one, but I say, ""No. Sorry. They\'re all gone.""'",0.2004287044887056,-0.0413113746352753,50 50 50 54 54 54 62 74 74 74 74 24 60 104 104 104 104 104 104 104 13 13 13 13 13 13 13 119 119 119 119 119 119 48 55 55 34 34 34 17 34 34 34 34 34 34 124 124 112 124 124 124 24
3388," '2398', ' '02/24/93', ' 'Nate is there and he\'s aware that I won\'t have a relationship with him when he is still drunk. Lucy and I are doing a play together and we are talking about the difficult parts. I say to someone, ""Yes, there are some sexy parts, and the action parts we\'ll just tell. I\'ll tell the stage directions."" Rochelle is there in a small car scooter-like wheelchair. Her hair is very pretty, groomed nicely.'",0.2004287044887056,-0.0435741398465793,57 57 57 57 57 27 34 34 57 27 27 27 93 93 27 96 96 96 96 96 54 109 109 96 109 109 96 96 96 96 96 124 124 124 124 124 11 11 48 63 63 74 124 74 124 124 74 34 34 96 34 34 20 91 91 91 4 4 4 15 15
4206," '3269', ' '(11/03/97)[""Sleeping Underwater""]  I am on a vacation. I go down to the beach where a small cabin is right at the waters edge. I go in and look out the window. I am concerned because what if the tide comes up. I see the ocean rise and wash over the cabin totally submerging it. I realize I am supposed to sleep here like that, underwater. I feel a bit scared and nervous. I somehow know I will be all right, and the cabin won\'t get a leak, but it is hard to trust.'",0.2004287044887056,-0.121299909242873,121 121 121 121 121 27 27 27 98 34 34 34 34 34 34 34 34 34 34
4388," '3621', ' '(11/27/99)[""Sue the bastards.""] Now I am in a house and want to return to the place where I bought the machine to do my dreams with. It isn\'t working. I get my power wheelchair but it is malfunctioning also. It wont atop when I let go of the joystick. Dwight is there. He\'s not very helpful. I need to step up a stair and he does help me balance. I get in the chair. I decide I need to pee. I find a bathroom with four stalls and go to the end one. I open the door. No toilet. I move my chair out of the way and open the next one. Then a woman comes out of the end stall. I hadn\'t seen her in there. I apologize to her. Now we go back to the store. The bored woman says too bad the machine is broken. It is really another store that made them and they don\'t give money back. I should just sue them right away. Lots of luck. I question her more I say well, didn\'t you sell this to me knowing they won\'t fix it unless I sue? Then I can sue you. I am assertive and right. She is unhappy.'",0.2004287044887056,-0.121299909242873,85 5 5 85 34 90 34 34 34 124 85 34 34 34 34 34 34 6
4547," '3773', ' '(03/30/00)[""Cult suicide.""] I am with a group of people in a room. We are each given a small plastic cup with poison in it. We are supposed to drink it and then die. I hold off drinking it. I am worried. They claim it is painless and comfortable. I don\'t know why we are supposed to die. I watch as others drink. I wait to see what happens to them. I see a door that goes to a room where they go after they die. I peek in as it is partially open. I see a toilet first, then a jog around a corner and I can\'t see what else is in the room. I decide I won\'t drink the stuff. I don\'t want to die.'",0.2004287044887056,-0.121299909242873,82 82 85 85 34 34 34 34 34 24 34 34 34 34 34 34 34 34
6509," '891', ' '(04/10/65)....parent here. Hunting for something. Maybe fell into these crates of rags....I show H. a sweater I had found and asked if they wore such to school. It was white with a red trim. H says, ""No, wear you Sunday clothes; I hope none are dated."" ""One is long but I will wear it no matter what you say. It doesn\'t blow up as a shorter one does on windy days.""'",0.2004287044887056,-0.0413113746352753,112 63 63 63 63 119 34 34 34 34 57 124 124 124 124 124 124 124 124 124 49 49 49 49 49
6663," '317', ' '08/11/58', ' ""Looking for someone. Ask A.M. for the names of the new people who moved in on her side. She gives me a long list but I can't hear them clearly. She tells me they are playing cards on the patio. Did I want to join them?""",0.2004287044887056,-0.0844111413423493,123 74 83 56 56 56 7 56 56 56 56 118 105 100 100 34 34 34 34 85 96 93 96 96 96 5 20 96 96 34 34 34
6834," '764', ' '(01/08/64)[2nd dream] The two rubber dolls will be nice for my youngest grandnieces. I\'ll give this one with the squeak to the baby, the other to the three-year-old. ""What will you do with the dresses? One is too long and the other too short."" I\'ll tell her that is a shorty nightgown and the other she can use.'",0.2004287044887056,-0.121299909242873,124 124 124 124 124 34 72 72 72 72 72 67 57 57 34 34 34 34 34 34 34 6 85 104
6926," '287', ' '03/29/58', ' 'H. tells me my hair is too uneven. I should get it trimmed. I think she says she will do it but when I suggest she do it now, find I misunderstood. Exasperated I exclaim, ""I will not go to a barber.""'",0.2004287044887056,-0.121299909242873,4 4 4 4 34 57 34 0 34 96 96 96 96 96 34 34 96 96 24 24 24 24 24 24 24 24 34 34 34 34 34 34
6967," '536', ' '08/06/62', ' 'I go to mother\'s room to use her toilet. She asks what she can do for me. But I see many small articles scattered about and so I ask, ""What can I do for you?"" Meanwhile wondering why, when I have my own toilet, I should come to use hers.'",0.2004287044887056,-0.0351127237254283,12 12 12 12 12 96 96 6 96 96 96 85 119 119 119 119 122 122 122 119 119 85 34 96 96 124 124 124 124 17 124 24 24 30 66 34 34 34 24 24
7074," '400', ' '09/07/60', ' 'I\'m in my room filled with comfortable dark wood chairs. Some one asks, ""where is your wicker chair?"" I assure her I don\'t need it.'",0.2004287044887056,-0.1102331725305733,63 63 63 63 122 20 20 20 20 20 20 34 34 34
8904," '0834', ' '2004-04-28', ' 'Something to do with exercise. I can see a chart of s and there is something about the percentages of each of these s. When I walk I try to maintain 55 - 65% of target heart rate. It was something like that.'",0.2004287044887056,0.1244155124581083,85 34 96 34 34 34 34 25 25 25 119 119 119 119 119 119 119 119 119 119 119 119 94 94 94 94 89 4 15 15
9100," '1977-030', ' '8/25/77', ' ""Traveling with friends and our cat; I can't decide what to buy from the many selections I see. I help their daughter to cook healthy foods.""",0.2004287044887056,0.0447680506619489,50 34 20 34 34 34 34 34 24 123 104 104 119 119 119 5 5
9582," '1986-028', ' '7/1/86', ' 'I am about to go on a vacation with Frank and am glad we will be together; before I can swim, I go to a toilet that does not flush properly....alarm wakes me.'",0.2004287044887056,-0.121299909242873,50 50 50 50 50 50 50 50 50 50 34 34 34 34 34 94 94 34 34 94 64 64
11940," '1653', ' '04/16/1998', ' ""Baby Talk  A baby language is spoken by an infant. Adults can't understand the language, but other infants can understand it. There are cases of Mountain Dew on pallets.""",0.2004287044887056,-0.0934010579894653,42 42 86 86 48 86 48 124 124 124 124 34 34 34 34 34
12493," '1284', ' '11/04/1997', ' ""Magma Explosion  I say to my classmate Zack Simmons that I would bet him that magma will flow out of the earth's crust, and will overflow. I think it will. He says he doesn't think so. It could be an explosion: a catastrophe!""",0.2004287044887056,-0.121299909242873,22 22 22 22 34 34 85 85 85 85 34 34 34 34 34 34 34 34 34 34 34 49 49 49 34 34 0 0
12916," '1579', ' '03/03/1998', ' ""Stephen's Ill Logic  I am with my friends Stephen Ramos and Kevin Simpson. I confront Stephen with his own inconsistencies, self-contradictions, and his ill logic. He largely ignores me, downplaying its importance. I have had enough of his crap, and I leave, frustrated and agitated.""",0.2004287044887056,-0.1157665408867232,20 20 20 20 20 20 22 22 70 20 34 34 34 34 34 34 34 34 34 57 57 57 57 112 24 24 27 57
14813," '0785', ' 'Post-Grad:01/02/04', ' 'I dreamt my friend Celia moved into the apartment complex, and I should go talk to the manager about the referral fee for her and my friend/neighbor Kara.'",0.2004287044887056,0.0697431178299583,22 22 22 111 38 38 34 34 34 34 34 34 38 93 25
17220," '0886', ' '05/11/63', ' 'Someone wanted to play Art Voyage. I was going to play it and the party wanted to play it himself, so I said, ""I will let you play it yourself. I am not sure of the Art in front of it, but the voyage I\'m sure of.""'",0.2004287044887056,0.0646209771990737,74 54 54 54 54 3 3 3 54 54 54 62 62 62 62 85 5 124 124 124 124 124 34 34 34 124 124 2 2 2 2 2 2 56 56 27 27
3110," '1466', ' '06/21/89', ' 'I\'m in a group and the members are talking. I say, ""I\'m a counselor. If we keep this up, we\'ll be a therapy group. As it is, we\'re doing self facilitated therapy.""'",0.1996896353844785,0.1247212142858274,119 56 56 56 96 83 56 5 5 5 24 24 24 24 24 24 24 119 119 119 119 76
6835," '768', ' '(01/11/68)[2nd dream] I will do the other errands while we wait. So I go to the president\'s office and leave a reprint saying ""Here is something I\'ve written. He may like it."" Go on but ask way of man who points it out ""just over there where a girl is standing in the door, then a little to the right."" About six students and teacher are in the room. I sit in one of the large seats to wait.'",0.1981769284471201,0.0442487799856498,119 119 119 119 119 119 119 119 55 55 55 55 55 55 55 55
9629," '1982-032', ' '11/14/82', ' 'I am in a play that is put on by a non-profit group (anti-war group?) I have a small part, but then an actor gets sick and I get to play a bigger part!'",0.1962801145962829,0.0447680506619489,104 104 54 119 119 119 119 119 119 119 119 119 56 95 95 95 95 95 95 95 95 95
13976," '094', ' '2009-05-10', ' ""There was a small group of terminally ill people, who defied the doctor's advice, and went off dressed up in crazy clothes, creating a cult.""",0.1926678016824402,0.013497709089581,119 119 119 119 119 34 34 46 42 73 63 63 72 72
6647," '431', ' '04/09/61', ' ""In a line to eat. I am second but thought I'll have to lead in; to which table should I go?""",0.1875187944905663,-0.1050502065346744,1 1 1 90 24 34 34 1 34 34 34 34
567," '6', ' '10/22/92', ' ""My uncle and aunt are visiting at my mother's house. The house is very dirty. I served dessert and I am changing two kids diapers on the table. There is a pot of yeast fermenting on the stove. It is gross stuff! There if furniture all over and I want to toss the old stuff out.""",0.1849068988761749,0.0132960889707867,22 22 22 22 40 40 12 9 12 15 11 11 15 63 63 63 63 63 63 63 63 63 63 63 63 63 63 122 15 122 63 63 63 63 63 63 63 63 63 63 63 63 63 63
694," '2807', ' '03/07/95', ' ""A large house. I notice I'd been only living in a few of the rooms and have many empty rooms I can expand into. I could have an art room, a writing room, a music room. I am having a good time finding furniture to move into these empty rooms. I choose to take the breakfast things out to a table on an outdoor landing. It will be pleasant and unusual. Ginny is there.""",0.1849068988761749,0.0132960889707867,107 10 119 119 119 119 119 119 119 63 63 63 63 63 63 63 63 85 85 85 85 37 12 37 37 37 37 12 12 37 74 1 1 1 1 57 57 79 63 63 63 63 63 63 63 63 63 63 63 60 63 63 63 63 63 63 64 64 57 64 57 57
1859," '3106', ' '01/16/97', ' 'Burt Lancaster and I are talking in a room. I am asking him about some of his movies. I ask him if a particular movie, ""The Stone Commander,"" had a script or if they ad-libbed the thing. I think they ad-libbed. He says, ""No, it had a script, in fact, it had two."" I am surprised. Now I am counting rows of broccoli: 10 s to a row and 10 rows. The woman who owns the broccoli asks what I\'m doing. I say, ""We need these for a movie about vegetables."" She say, ""Oh no, this is my favorite broccoli. It\'s so sweet."" [BL]'",0.1849068988761749,0.0646209771990737,12 35 35 35 35 2 93 93 93 2 2 93 93 83 83 83 83 83 83 37 37 37 37 37 15 74 74 74 74 74 124 124 124 124 124 0 0 0 0 0 7 7 44 44 44 44 44 119 119 119 63 63 63 63 63 63 63 63 63 63 10 45 63 20 96 96 96 96 96 96 96 17 96 96 124 124 124 124 124 124 124 124 112 112 112 32 11
1869," '1890', ' '07/23/91', ' 'Claude, another man and I are together looking at xmas decorations. Claude can\'t decide which ones to get. I make suggestions. I say, ""That round Santa over there.""'",0.1849068988761749,-0.121299909242873,63 63 63 34 34 34 63 34 34 34 57 34 34 24 24 122 104 104 104
1948," '1564', ' '09/03/89', ' 'Ginny and I are looking at books on a shelf. I see two of them by Cole, something about the meaning of life.'",0.1849068988761749,0.0132960889707867,63 63 63 63 63 63 63 10 65 65 119 119 119 74
2862," '3032', ' '10/04/96', ' 'I have so many books that they would fill up two huge library-sized rooms. I and a child like Charla are trying to walk down some stairs that are like piles of books. She had taken a 5 milligram dose of Cortisone and I was worried about this habit. I said, ""That\'s like taking speed. That\'s not good for you.""'",0.1849068988761749,0.0132960889707867,63 119 122 63 63 10 10 63 10 63 63 63 63 20 20 20 82 82 94 82 94 105 63 63 63 63 63 63 63 63 63 63 7 7 7 27 27 124 124 19 58 124 124 124 124 124
4342," '3312', ' '(01/18/98)[""Getting ready.""]  I am walking with my father and some other people. We are going to go check up on a project we are working on. Maybe a computer project. We stop to have a bite to eat. My father asks a man to bring us a prepared lunch. I open mine, and find a bunch of square things with general information on them. I see packages of cheese or milk. I ask a man if every time I want to eat lunch I will get this same package of square informational things. He says yes. That seems a real waste of resources.'",0.1849068988761749,0.0132960889707867,63 63 63 63 63 63 63 63 65 122 122 122 65 60 60 60 60 60 5 5 34 34 34 34 34 34 34 63 63 63 63 15 15 15 57 57
4688," '3106', ' '01/16/97', ' 'Burt Lancaster and I are talking in a room. I am asking him about some of his movies. I ask him if a particular movie, ""The Stone Commander,"" had a script or if they ad-libbed the thing. I think they ad-libbed. He says, ""No, it had a script, in fact, it had two."" I am surprised. Now I am counting rows of broccoli: 10 s to a row and 10 rows. The woman who owns the broccoli asks what I\'m doing. I say, ""We need these for a movie about vegetables."" She say, ""Oh no, this is my favorite broccoli. It\'s so sweet."" [BL]'",0.1849068988761749,0.0646209771990737,12 35 35 35 35 2 93 93 93 2 2 93 93 83 83 83 83 83 83 37 37 37 37 37 15 74 74 74 74 74 124 124 124 124 124 0 0 0 0 0 7 7 44 44 44 44 44 119 119 119 63 63 63 63 63 63 63 63 63 63 10 45 63 20 96 96 96 96 96 96 96 17 96 96 124 124 124 124 124 124 124 124 112 112 112 32 11
6599," '398', ' '09/05/60', ' ""I return to my room which I share with R. Find furniture all moved around. I'd dropped clothes on the floor as I dressed. Others had moved things. I scold those responsible and told them to move things back as they were.""",0.1849068988761749,0.0132960889707867,51 123 12 12 12 63 63 111 63 63 63 66 66 66 66 66 63 63 63 63 63 63 63 63 63 63 63 63 63 63 24 24 24
7018," '834', ' '08/01/64', ' 'I was a little late to breakfast and there was nothing, not even fruit on my table. I asked three girls about it but they were all new waitresses. Finally one of the older ones came and I asked for something to eat and my coffee.'",0.1849068988761749,0.1813211633236344,1 1 1 1 1 112 112 115 115 74 119 119 119 63 119 119 119 119 119 119 33 7 7 119 119 119 119 63 47 38 38 38 38 60 60 60
7120," '564', ' '10/09/62', ' 'Now we are all lined up to the cemetery to leave flowers. One man s the line of women carrying a flag. (color)'",0.1849068988761749,0.0132960889707867,56 63 63 63 63 63 63 63 63 63 63 119 63
7153," '825', ' '06/26/64', ' 'Showing a friend my book of Chinese stamps pointing out the most interesting ones and then I loan her my U.S. album.'",0.1849068988761749,0.0132960889707867,45 37 37 48 48 63 63 63 63 63 119 63
7246," '293', ' '05/01/58', ' 'We were going to a cafeteria. Two of the men hurried a and brought back tempting plates for two of the crowd. I decided to follow along and select my own but could not find the way.'",0.1849068988761749,0.0870640068034912,119 119 119 119 119 119 63 63 63 63 47 119 119 119 119 119 119 119 104 104 104 111 111 85 104 111 85
7266," '38', ' '(08/22/20)(Rapidly shifting scenes) Looking for M.B. Find her at dorm. Turns out to be clinic. M.B. disappears and room rapidly fills up with patients. Try to keep chair for her as she is sick, but some get wrathy. Two appear to be women my boarding housekeeper of last year kept. Arrange chairs for family group. These become boat and chairs and cots. Children scared. Difficulty in keeping them on boat. See H.H. (my old crush of undergraduate days.)  Note his lameness. J. is with me on boat. A sea in high storm.'",0.1849068988761749,0.0132960889707867,119 119 119 119 33 33 63 63 63 119 119 119 119 119 119 119 119 119 119 119 63 63 63 63 98 98 8 40 40 40 63 9 9 86 86 86 86 100 100 100 40 13 13
7434," '1016', ' '2005-02-08', ' ""Again with the Excel sheets. and American Idol. This time, however, I can't say that I was specifically involved. It doesn't even necessarily feel that I was. The images I have are of the Excel sheets and the Idol judges. There are several columns set up for criteria for judging the contestants and several rows of information for each contestant. One section of the sheet was highlighted in pale green.""",0.1849068988761749,0.0132960889707867,1 1 85 34 34 34 34 27 27 27 49 49 57 57 57 57 57 57 57 57 121 121 121 109 48 63 63 63 63 63 63 119 119 63 63 119 119 119 119 119 119 119 63 119 119 119 119 119 119 63 65 65 122
