,dreams,median_Valence,median_Arousal,atom_seq
702," '0784', ' '07/16/85', ' ""A man doesn't want to be in relationship because he's writing his book and doesn't have time for it. It would stop his creativity. I feel the same way. He gives up his book so he can take care of me so I can write.""",0.0176155827269295,0.4178788071596729,57 126 74 74 74 74 74 74 74 74 85 85 49 49 75 121 121 121 121 121 121 121 121 74 74 74 74 74 74 74 74 74 85 34
1214," '0198', ' '12/23/80', ' ""I'm dreaming that I had a series of dreams. Part of the pieces of the puzzle or answer is in them. Then I just sporadically dream a new series and don't write them down. Somewhere in the new series is the answer.""",0.0176155827269295,0.4178788071596729,37 37 37 63 63 63 48 63 74 74 122 122 65 74 74 74 74 74 37 37 74 74 74 74 74 74 74 74 74 74 107 107
6027," '0633', ' 'Code 089, Age 21, ??/??/47', ' 'I dreamed I was reading a book but could not understand it at all. It was a text book ... there was a definite assignment and I could make nothing out of it. Interpretation No interpretation Answers to questions 2. Frustrated3. Actual participant4. Unpleasant5. In the den at home6. No7. No'",0.0176155827269295,0.4178788071596729,74 74 74 74 74 74 74 85 85 74 74 74 74 74 74 74 74 74 74 85 85 85 85 74 112 7
6209," '0067', ' 'Code 010, Age 21, 12/11/47', ' 'The dream amounted only to seeing notes before my eyes -- I read page after page of my music notes. I could see each page as it actually is in my notebook. Interpretation I was sleeping after studying for a music test to be taken the next day. I had read over my notes so much that I saw them in my sleep. Answers to questions 2. Anxious3. actual participant4. unpleasant5. None -6. No7. No'",0.0176155827269295,0.4178788071596729,4 74 74 74 74 74 74 74 74 74 74 74 74 74 74 74 74 74 74 74 74 108 108 108 37 30 37 30 30 37 37 37 1 1 1 1 1 1 74 74 7 74 74 74 74 74 74 74 47 115 24
7078," '562', ' '10/09/62', ' 'In an O.E.S. crowd. I ask about one\'s new job. It was scoring papers. I said, ""Oh that must be like Stat\'s job."" I see it described in a paper with big lines ""Leuenhoek"" ...'",0.0176155827269295,0.4178788071596729,74 74 74 74 74 74 74 74 74 74 74 74 74 0 0 74 74 74 74 122
8046," '1561', ' '2007-03-16', ' ""I was observing someone's dissertation defense. I was taking notes for things to pay attention to on my own dissertation. Even though I had already successfully defended, I knew I could use some of this information when completing my final edits. One thing in particular was to make sure I didn't write anything that was not in my data.""",0.0176155827269295,0.4178788071596729,68 48 48 63 63 63 63 74 74 74 74 4 7 7 7 7 7 7 7 31 31 31 31 74 74 74 74 74 74 74 74 74 74 74 74 74 74 74 74 74 74 41 41 41 74
8542," '0632', ' '2003-08-10', ' ""Something about my bank account. I'm having trouble transferring money from one account to another. Also, there was not as much money in the account as there was supposed to be. It was several hundred dollars less.""",0.0176155827269295,0.4178788071596729,74 74 74 74 74 74 74 74 74 59 7 74 7 7 74 74 74 74 74 17 17 17 17 17 17 17
8795," '1535', ' '2007-02-02', ' 'I was preparing for my Monday night dream class, trying to decide what information to use and where. I was working at the computer.'",0.0176155827269295,0.4178788071596729,1 74 74 74 74 74 74 24 24 74 74 74 123
8810," '0728', ' '2003-11-24', ' 'I was trying to work out the dream experiences of earlier tonight. I was trying to put the experience on paper and it was just not translating effectively.'",0.0176155827269295,0.4178788071596729,74 74 74 74 74 37 37 74 74 74 74 74 74 74 74 74 74 74
9386," '1982-033', ' '11/19/82', ' 'A man is loading a missile with nuclear fuel -- he must say a French pass word, a mystery word, but a spy gets word of it (incomplete).'",0.0176155827269295,0.4178788071596729,34 34 34 34 34 34 34 34 74 74 74 74 74 74 74 74 74
10944," '0076', ' 'I was having a test in historical geology. Instead of being a regular written test, the questions asked were on this order: ""Draw an endoceras proteiforme of the Ordovician period."" This was not a class test, but each pupil was called to the board individually to answer one question. After this question, I said, ""holy Jesus I could not do that in a month of Sundays."" I didn\'t recognize any one in this dream.'",0.0176155827269295,0.4178788071596729,74 74 74 74 74 74 74 37 74 74 74 74 74 74 74 74 74 74 118 118 74 74 74 74 74 74 74 74 74 74 74 74 74 74 85 85 85 85 85 85 24 115 115 115 7
13338," '966', ' '07/15/1997', ' 'Carl Jung Book  I pick up a book written by Carl Jung which is on the floor by my bed. There is something in the book that I think I want.'",0.0176155827269295,0.4178788071596729,74 74 74 74 74 74 74 15 13 105 105 105 66 66 12 12 74 74 74 74 74
18078," '195', ' '09/27/39', ' 'Anderson comes into my room at Museum, and asks me whether I know of a paper by Borring, Craig, pp. 123-126, on the larvae of Orthoptera.'",0.0176155827269295,0.4178788071596729,95 95 12 83 83 83 74 74 74 74 74 74 74
18212," '087', ' '08/17/39', ' 'While eating lunch with Y, I open notebook and begin to write about a dream. This seems to me discourteous, so instead of writing steadily, I jot down 2 or 3 words at a time whenever an opportunity offers.'",0.0176155827269295,0.4178788071596729,88 104 104 104 74 74 74 74 74 74 74 18 74 37 18 103 74 74 74 74 74 74 74 74
1304," '2913', ' '02/03/96', ' ""Lucy and I are going to do a show for the community college. Julie B is there. I am asking what the name of my character is and the name of Lucy's character and other details of the story. I guess we are going to rehearse it for a while and then present it.""",0.0176155827269295,0.4156579672927051,96 96 96 96 96 96 45 86 86 86 93 93 93 93 93 74 74 74 74 74 74 74 74 74 74 74 74 74 74 74 74 74 17 17 17 17 17 17 73 73 73 1 1
2912," '2443', ' '04/10/93', ' 'I scold a man who is cold to a child. I call him manipulative. I say, ""This is painful to the child.""'",-0.1873144762289253,0.4156579672927051,26 26 26 26 93 93 93 93 93 93 5 93
3528," '1520', ' '08/05/89', ' 'There are men painting a wall of a submarine (inside). I watch as they use brushes. Then someone asks me to talk about when I started writing. I tell a small audience that, ""I think I popped out of the womb writing,"" that I told stories before I could write and my life was rich with dream images. They are impressed.'",0.0176155827269295,0.4156579672927051,10 10 10 10 105 10 104 104 39 104 5 5 5 5 5 93 93 93 2 38 38 38 74 74 74 74 74 56 56 10 10 74 74 74 74 74 74 74 74 74 74 74 74 74 74 74 74 74 74 44 11
6714," '557', ' '09/29/62', ' ""Telling J. about my troubles. He says someone is too arbitrary. I can't hear whom and ask him two or three times to repeat.""",-0.1873144762289253,0.4156579672927051,0 93 34 96 93 93 93 93 93 93 93 93 83
6795," '561', ' '10/09/62', ' 'I try three or four times to get J. on the phone. Each time I\'d hear the dial tone and ""This is Madorah"" and the phone would go dead.'",-0.0848494467509979,0.4156579672927051,119 93 119 1 1 93 93 93 74 74 74 74 93 93 93 93
6796," '656', ' '06/03/63', ' 'I want to see Mrs. Geiser. Must contact Mrs. Yamamura. Call on the phone and ask to speak to Miss Mary Yamamura. ""We only have a Miss (Jap. name) Yamamura here."" ""Is she haole?"" ""No, Japanese."" ""Well did she work for Dr. __. I can\'t make out his name. It began with A. I am looking at a very poorly written page, give up and say, ""Let me speak to Miss Yamamura.""'",0.0176155827269295,0.4156579672927051,93 93 93 93 93 93 93 93 5 93 93 93 5 5 24 83 93 93 93 112 112 124 124 124 74 17 74 74 85 74 85 85 74 74 93 93 93 93 4 93 93 4 28 28 11 15 74 74 74 74 5 5 5 5 5
7106," '587', ' '12/08/62', ' 'Mother is whipping J. I hear him begging her not to where people can hear. I close door and hear him thank who ever did so. I ask, ""Why did you whip him? He\'s too old for that."" She says, ""You don\'t know the situation.""'",-0.1873144762289253,0.4156579672927051,93 93 93 93 93 93 93 104 93 88 104 93 104 93 93 93 93 93 93 93 93 93 93 93 93 93 93 93 41 32 32 32 96 96 27
8888," '0938', ' '2004-10-11', ' 'Painting: 25 Years of Filling In. This was the title of a book by someone else. When I heard it, though, I thought an adaptation of that would be great for my own book - it seemed very profound for my own life. I started thinking about how I might adapt it. I was thinking of things like writing, and journaling.'",0.0176155827269295,0.4156579672927051,48 1 74 74 74 74 74 93 93 93 93 74 7 7 7 7 7 7 7 7 74 74 103 103 103 74 74 74 4 74 103 103 7 74 74 74 74 74 41 27 27 41 41 74 74
9194," '1976-027', ' '12/9/76', ' 'Father Andrew is talking to the doctor over the phone as he says: ""What kind of priest does the psychiatrist think I AM ?""'",-0.1873144762289253,0.4156579672927051,93 93 93 93 93 93 93 96 96 96 96 96 96
15653," 'Job-H-6', ' '03/21/64', ' ""3. I'm arguing with Gene Bockneck about the exorbitant cost of telephones. He insists that his office bill of $25 for one month is not so bad. I point out that he also pays $25 for his home phone and he allows that I have a point there.""",-0.1873144762289253,0.4156579672927051,68 45 25 11 126 126 126 126 126 126 1 1 1 1 1 75 75 75 75 75 75 75 75 75 75 93 93 93 93 93 51 93 75 75
16280," '005', ' ""My daughter Carla's father had come by to visit her and decided that he wanted to take her overnight. I said that was fine. They asked if little Cindy could go too. I called Zack and asked him to please come visit us, and he said yes. I then told Carla and her dad that I was sorry, but Cindy couldn't go because her father is coming to see her.""",-0.1873144762289253,0.4156579672927051,93 93 0 22 27 27 93 93 93 27 27 93 93 93 93 93 93
7952," '0504', ' '2002-12-07', ' ""I was in a museum. I was looking at a computer, typing something up about this museum, like a description. I was describing this one room that was about this one guy. There was something about his own music. I was retyping it to say that this organ was playing this man's music.""",0.0176155827269295,0.3903358983709842,3 3 3 3 3 74 74 3 74 74 74 74 74 25 25 37 12 12 12 12 12 12 26 26 26 26 26 26 4 74 74 74 74 74 74 74 74 74 74 54 54 9 54
8697," '1642', ' '2007-09-07', ' 'I am at a SAID meeting in a building that looked like a high school. Some members of SAID had the ability to fly. Daniel D, Farah B, and myself, among others.'",0.0156206844318613,0.3903358983709842,107 3 3 3 3 3 3 3 3 3 3 22 22 22 119 48 46 46 93 9 9
7000," '161', ' '03/25/49', ' 'I see O.M. (Dec. 1943) and talk stamps with him. I see a page of Egyptian stamps and ask if he is collecting Egypt now. (He was a stamp collector.)'",0.2752993077432768,0.3323807003325157,5 5 38 38 38 15 2 83 83 83 83 83 83 83 83 83
12321," '233', ' '05/31/1996', ' ""Hanson: Worker Or Respect  I'm talking with my dad. We disagree on whether our last name, Hanson, means worker or whether it means respect.""",0.0176155827269295,0.3323807003325157,9 9 41 41 41 93 83 83 74 74 83 83 74 74
12702," '776', ' '05/06/1997', ' ""Privacy Questionnaire  I'm filling out a questionnaire for Fishing Haven. The questions have to do with privacy, and I answer the questions so as to indicate that I like to be alone and want privacy.""",0.174608884492427,0.3323807003325157,48 48 48 83 74 83 74 83 74 24 24 24 74 74 83 83 83 83 83 74 24 24 24 24 24
10235," '30', ' '[age 14-15]', ' 'I was at school, but school was connected to my house. It was giving day. I got a lot of gifts.'",0.0559925181789085,0.3213056640278995,3 3 3 3 3 3 1 1 1 1 1 1
18512," '20', ' '1951', ' ""We were in a huge church practicing for a wedding. All my family was there and we were going over the music to be sung at the wedding. Someone said that the music was decadent, I remember that particular word, so we decided to play one of Beethoven's symphonies instead of the wedding march.""",0.0176155827269295,0.3213056640278995,107 3 3 3 3 3 22 3 3 3 22 22 79 73 54 54 54 54 1 1 1 1 1 1 46 46 74 74 74 74 74 74 74 74 74 74 74 74 74 24 1 1
2944," '1684', ' '05/25/90', ' 'I see my shadow and she is facing me. We look at each other. It is an important and positive moment.'",-0.0462964889238917,0.3011921148580779,16 55 55 62 62 62 62 62 62 57 62
9076," '1969-010', ' '3/11/69', ' ""Mrs. H., Julia's mother (in reality), comes over to help me with some operation (abortion?); then later Julia and her mother run through the house: yelling at each other... also get flowers to put in a window.""",-0.0557067995489428,0.3011921148580779,93 93 93 95 95 93 93 93 93 46 51 111 111 82 111 111 62 62 62 8 62 62 62 62 63
13600," '1235', ' '10/21/1997', ' 'Not as Good Solo  I have a song by Robert Plant and Jimmy Page stuck in my . I may talk to them. Their music is not as good when they play solo as it was when they were in Led Zeppelin.'",0.0176155827269295,0.3011921148580779,74 74 74 48 48 15 15 15 15 15 74 74 74 85 85 50 93 50 62 62 62 62 124 74 74 74 74 74 54 54 54
14119," '0033', ' 'HS:??/??/98', ' 'I dreamt Stan, the boy I had a crush on in Statistics, came back to school as a sub of sorts for spirit day.  We stared at each other.  I tried to speak to him, but he ignored me.'",-0.0462964889238917,0.3011921148580779,46 46 26 46 46 120 46 46 46 3 3 3 3 37 1 1 1 62 62 62 62 62 62 62 62 62 62 93
16768," '0639', ' '04/04/60', ' 'I helped to put up some kind of shelter. John Wiatrak came over to watch us. He was talking to us. His voice was different than it usually is.'",-0.0462964889238917,0.3011921148580779,61 61 46 46 46 46 62 62 62 62 62 62 62 62 62 62 62
1229," '1324', ' '03/18/89', ' ""I'm in a foreign country, Russia perhaps. I'm trying to escape and nearly get out when someone notices me and calls me over. I am worried. They are going to ask me some questions about my birth certificate and if I don't lie well, I'll get caught. I try to remember which name I should use and decide on B. I do OK by tricking them and sealing the envelope I've written the answers in before they can read them. I leave.""",0.0176155827269295,0.2861306283943001,104 104 104 104 104 104 104 106 104 104 93 93 93 93 93 93 27 5 27 27 27 27 27 27 27 33 93 93 93 83 83 43 93 43 34 34 34 34 34 34 34 34 74 74 74 74 74 74 74 74 74 74 34 34 24 96 96 93 93 74 74 74 74 74 74 74 74 74 74 74
5385," '143', ' '06/06/2004 (age 15)', ' 'I dreamed that someone was trying to kill my father. I tried to stop the person, and they killed me instead. I just remember seeing the end of the gun and hearing the shot, and then I woke up so scared.'",-0.2167339502783245,0.2803565994529772,27 27 89 89 89 89 104 104 62 62 62 77 62 62 7 7 77 77 77 75 75 75 75 75 75 75 75 75 75 120
18290," '014', ' '11/13/1897', ' 'Nothing is impressed on my mind this morning but the name of one Captain Newport who seems to have figured in dreams I have quite forgotten.'",0.0176155827269295,0.2788022549986029,27 74 74 74 74 74 37 37 83 74 74 7 7 7 7 7
8839," '1452', ' '2006-11-12', ' 'I was working on materials for a psychology class I was going to be teaching. One thing in particular that I was working on was trying to create a crossword puzzle.'",0.0176155827269295,0.2622911808539883,35 17 17 24 76 76 74 74 74 74 74 74 74 74 74 74 35 35 35 35
3522," '1700', ' '09/01/90', ' 'The wife sees me and begs me to get caught again for her husband\'s sake and I refuse and run. I see the man and remember that I could call the police. I dial 911, shaking in fear. I say, ""Help, this man will hurt me."" The police at first refuse to help, pointing out to me that he\'s my father. I say firmly, ""You will help me anyway. He hurts me."" They agree and take him away.'",-0.1873144762289253,0.2595210840478765,4 4 125 62 4 4 77 4 77 104 104 104 104 104 104 104 104 104 81 93 93 93 93 93 93 93 93 93 93 93 93 5 5 27 27 27 93 93 93 93 93 93 93 93 93 93 93 93 93 93 93 4 32 124 93 93 93 93 124 124 85 34 5 104 24 24
8760," '1007', ' '2005-01-28', ' 'I was doing html work on a web page for CAS. My alarm went off while I was working on a bulleted list. When it went off I thought I would just hit the snooze button while I work on the list a little more. Each time the alarm went off I thought the same thing and would reach over and hit the snooze button again. Finally, I decided I was close enough to done that I would just turn that alarm off and keep working until the other alarm in my room went off, that would probably give me enough time to finish.'",-0.2660356741273169,0.2595210840478765,74 1 77 77 77 77 1 46 120 1 46 1 1 46 46 47 77 31 31 77 77 77 77 77 77 77 77 77 77 74 74 1 1 1 74 1 1 77 77 77 77 77 120 120 77 77 77 77 77 77 77 77 77 77 77 77 77 77 7 7 7 7 7 7 7 77 77 81 81 77 77 77 77 77 77 24 111 77 77 120 77 29 29 24 24 24 24
10634," '0439', ' 'I dreamt I was present in the room that was discussing where to drop the atomic bomb. I saw them load the bomb on a very different type plane that carried the bomb on a cord outside the plane. I sensed the fact that all this was top secret. They were going to drop the bomb in a valley very close to where one group would be, but it was the softest of all places. The dream ended as the plane took off to its destination. Everything seemed so mysterious and powerful.'",-0.2660356741273169,0.2595210840478765,63 63 107 61 77 77 77 77 77 77 77 77 103 103
10718," '0131', ' ""I attended the Dr. I.Q. quiz show which recently appeared in Cleveland and which is on the radio on Wed. at 8 p.m. I remained tense as I waited hopefully to be a contestant. In the meantime, a queer thing happened which never takes place on the quiz show. The quiz master was replaced by his wife as quiz master after half of the program was over. I was finally called to answer a question. I can't remember what the question was or how I answered.""",0.0176155827269295,0.2595210840478765,7 7 7 74 74 48 86 9 9 86 86 48 1 1 1 1 77 1 77 77 77 77 93 93 93 93 93 74 74 74 74 74 74 74 74
14282," '0253', ' 'Dorms:06/23/01', ' 'I dreamt the alarm went off, and from the bed, hit the snooze button.  15 minutes later I rolled over to turn it off again (evidently a dream as I was not in bed.)'",-0.2660356741273169,0.2595210840478765,111 77 77 77 77 77 125 125 125 125 13 77 77 77 77 77 77 77 77 77 77 12
14904," '19', ' 'May 11, 1998', ' 'Mom bought me two gerbils. I took them home and one got away. I ran after it and I was afraid it was going to die.'",-0.2660356741273169,0.2595210840478765,60 61 77 77 120 120 77 77 77 77 77 77 77 73 27 27
16272," '076', ' 'M, age 18', ' 'Two girls from my Advanced Imagery class and I were doing a project when the flash went off on the camera, and we ended up on a road in the movie Supergirl.'",0.0176155827269295,0.2595210840478765,37 74 74 74 74 17 77 77 77 77 77 77 77 77 77 98 98 98 98
16961," '0933', ' '06/22/63', ' 'I was going to call a friend of mine. She called me before and now I called her and the phone rang and rang, then finally someone picked up the receiver and I waited for someone to answer. Andy P. and another fellow stopped by and I thought they were nosy for trying to listen to my conversation.'",-0.1873144762289253,0.2595210840478765,22 22 22 93 93 22 22 93 93 93 93 93 93 93 93 93 93 77 77 77 77 77 77 77 77 46 60 93 93 93 26 46 46 46 77 47 46 46 46 46 47 27 89 89 27
1058," '1063', ' '09/17/88', ' ""I am working for Mobility International. I am working out what day off I get this quarter. The man will take his day off another quarter. I am disabled and don't like it.""",0.0963643519259557,0.2522754296848147,1 1 17 1 1 1 1 1 1 1 104 1 1 1 1 1 1 1 1 1 1 43
1069," '0706', ' '02/23/85', ' ""I can't get my schedule right. I see things I wasn't prepared for. A cake sale and time to bake for it and a roast beef BBQ in Sheridan (state). I try to get it together.""",0.0963643519259557,0.2522754296848147,34 43 74 1 1 74 1 1 1 1 1 1 1 1 1 1 1 1 37 89 89 104 104 50
1120," '1385', ' '05/02/89', ' ""I have miniature furniture on a shelf. Dora's phone  is there. Someone wants it. Later I have a camera, tape recorder, watch thing. Then I can't find the time. I can find the year, but not the hour and minutes.""",0.0963643519259557,0.2522754296848147,63 63 63 20 20 93 93 93 93 20 20 20 74 74 74 74 74 74 74 34 34 34 34 34 34 1 1 1 1
1149," '0912', ' '05/12/88', ' ""I remember cardboard figures, frozen faces at Junior High. It's time to go complete the movement that has been frozen so long.""",0.0963643519259557,0.2522754296848147,48 48 63 48 1 1 1 1 1 1 48
3340," '0703', ' '02/22/85', ' 'Mitch and I talk about having tea or lunch together. Some hostility, it never works out and I let him go.'",0.0963643519259557,0.2522754296848147,50 50 50 50 1 1 1 1 1 106 93 93
3622," '4126', ' '06/23/01', ' ""Howard and I are being together again. I ask him how his day went. I am aware that I haven't asked that question for many years. He is cleaning up some papers from work. I help him. It is friendly.""",0.0963643519259557,0.2522754296848147,50 50 50 50 1 50 93 1 1 1 1 1 1 2 74 74 1 1 1 74 74 74 63 63 123 123 123 104
5405," '168', ' '07/25/2004 (age 15)', ' 'I had a dream that it was the end of the school year, and everyone was packing up to go home. Pierce Brosnan was there ordering people around.'",0.0156206844318613,0.2522754296848147,37 37 3 37 3 3 3 3 3 1 1 3 51 51 51 51 51
6523," '25', ' '06/21/12', ' ""At an airplane expedition (Had seen my first such a year previous) carried on at Miss Cogdal's (in Shanghai) while English service is held at girls' school. Mr. Bowman exhibiting.""",0.0963643519259557,0.2522754296848147,1 1 7 7 7 1 1 1 1 1 1 1 1 1 1 46 46
6587," '808', ' '04/23/64', ' ""I laughed at a joke in the paper and my friend asked what I was laughing at. I asked her if she'd like the paper when I was thru. I had a pile of papers before me and offered her the latest to read while I continued reading them in order from the oldest.""",0.0176155827269295,0.2522754296848147,74 4 74 74 74 74 93 93 22 2 2 2 93 2 2 93 74 74 74 65 65 65 65 65 65 65 65 65 65 65 65 65 65 60 74 1 74 74 74 74 74 74 74 74 74
6953," '414', ' '11/25/60', ' 'I asked, ""did I ever tell you about my exam for a teacher\'s certificate in Colorado?"" I tell the story exactly as I remembered it when awake but couldn\'t think of the question, ""which of the states where you have taught has the best educational system?"" See a picture of 5 or 6 men on the state board. (This exam was in Denver in 1919.)'",0.0176155827269295,0.2522754296848147,2 2 74 74 74 74 1 1 83 83 74 74 74 74 74 74 74 27 7 31 31 31 31 31 27 27 27 74 74 83 83 83 83 83 124 124 124 124 124 74 74 74 74 74 63 63 48 48 48 48 48 48
7098," '22', ' '06/18/12', ' 'Meeting Dr. A and her father as we had really tried to do during day. Busy preparing room for them.'",-0.0983708197251744,0.2522754296848147,46 93 73 73 77 30 30 1 1 1 1
7192," '813', ' '05/11/64', ' 'Then the man who had shown us the building came and brought me paper and pen one at a time. I kept asking for the questions for the exam. At last he brought them but then it disappeared.'",0.0176155827269295,0.2522754296848147,91 91 38 38 61 61 91 65 65 60 74 74 74 74 1 74 74 74 74 74 74 74 80 74 74 1 1 7
7219," '337', ' '01/25/59', ' 'Waiting for a meeting. A plump woman had a sort of program. He said his brother had prayed for a certain question on his exam. I asked if he got it. He said no. I say, ""When I was a child, I prayed for a certain question on the book my mother had been reading to us. But even though I prayed aloud at her knee (she was our teacher and would set the exam) it did no good."" But they didn\'t really listen to my tale.'",0.0176155827269295,0.2522754296848147,9 37 37 26 26 26 22 22 22 22 1 74 74 93 74 74 74 74 74 74 74 120 120 47 47 0 0 0 0 0 0 0 93 83 83 1 74 74 74 74 74 74 74 74 74 74 74 74 74 62 62 1 62 62 62 4 6 86 86 6 6 6 1 1 1 1 74 85 85 31 31 27 27 27 27
7865," '0913', ' '2004-09-01', ' ""I was doing computer work for CAS but it wasn't on SF this time. I was particularly working in Excel and had my project management sheets open and Jennifer C's task list open.""",0.0963643519259557,0.2522754296848147,74 74 74 74 1 1 1 31 1 1 1 1 1 1 74 1 48 48 48 48 48 48 48 48
8136," '0861', ' '2004-06-08', ' ""I was thinking about the fact that Matthew did not get to receive his First Communion with the rest of his class. Because he was at his Dad's every other weekend I quit making the effort to take him to religious education classes that year, so he couldn't make his First Communion. I got a book and I was talking to him about home preparing him, myself, so he could receive this sacrament.""",0.0240060612687393,0.2522754296848147,27 27 27 31 31 31 31 31 31 56 126 37 37 1 1 1 1 37 37 37 1 1 1 1 1 48 1 1 60 29 60 60 74 74 1 1 1 1 1 1 1 1 31 31 31 31 31 74 74 74 74 93 93 93 74 51 62 62 62 62 62 85
8242," '1004', ' '2005-01-25', ' ""I was working at the computer again, on some project for someone else. Seems like it might have been similar to some website work I do for CAS. I don't recall having any specific problems or anything unusual or significant about the work.""",0.0176155827269295,0.2522754296848147,74 74 74 74 74 74 1 7 7 7 7 7 7 7 7 7 7 24 24 1 1 1 1 1 1 1 115 1 115 74
8467," '0199', ' '2001-03-23', ' ""Matthew came in a room and asked me for a phone  for himself not for MC. One night he didn't have to use his phone card .""",-0.057264303656225,0.2522754296848147,46 12 12 93 93 93 93 93 1 1 93 1 1 1 1 1 74
8520," '1324', ' '2006-06-28', ' ""SAID conference. There was a telepathy event going on, that wasn't a contest. It also wasn't about images. It was only about information. Samuel K was involved. It was like information about presentations. It was names, titles, and there were s involved.""",0.0176155827269295,0.2522754296848147,3 3 1 1 1 31 31 31 31 31 18 25 74 74 25 25 74 25 74 74 74 74 25 74 74 74 74 74 48 48
8701," '1670', ' '2007-10-30', ' 'I and another woman went back to work at CAS. The first day back was the same day for both of us.'",0.0963643519259557,0.2522754296848147,51 51 3 1 1 1 1 1 1 1 1 1 1
8739," '0841', ' '2004-05-09', ' 'I told Rick A that I had a romantic interest in him for a long time, since high school. It was some kind of a romantic dream where we were getting together - not sexual though.'",0.0240060612687393,0.2522754296848147,47 47 62 62 1 1 1 1 1 1 1 1 1 1 37 37 18 18 18 30 30 30
8761," '0907', ' '2004-08-26', ' 'I was doing more computer work at the CAS office. Some of it was with SF, some not. Working out problems or issues.'",0.0176155827269295,0.2522754296848147,74 74 74 74 74 3 48 48 35 35 1 25 25
8763," '0983', ' '2004-12-26', ' 'I was doing something with the family Christmas gifts that I made. I was making some changes to determine what was best or what I liked best.'",0.0569899673264426,0.2522754296848147,1 1 1 1 1 1 1 48 45 11 74 74 74 74 41 41 74 74
8854," '1546', ' '2007-02-22', ' 'I went to a dry cleaner for a job interview. The job was to work with two other companies doing sales and marketing type of work. One of the companies was a sky-diving company. The salary was $56,000 a year with no benefits. The second company was ELC. The primary job task was creating PowerPoint presentations.'",0.0963643519259557,0.2522754296848147,1 1 1 74 74 1 1 74 74 74 119 119 119 119 119 74 74 74 48 74 74 74 74 74 1 48 1 1 1 1 1 1 1 1 1 1 1 1 1 1
9249," '1986-005', ' '1/17/86', ' 'I dream that I have overslept and missed church [today is St. Anthony\'s feast day). I ask Frank why he did not wake me; He says: ""You were sleeping..."" Talk with Margaret (from the Book Cafe) about God: God is like a parent, who wants only the best for us....'",0.0559925181789085,0.2522754296848147,1 1 3 3 1 1 1 51 51 1 93 93 93 93 93 93 93 93 93 93 38 38 38 38 38 38 93 93 124 124 124 93 95 124 93 124 83 62
10245," '73', ' '[age 18]', ' 'It was the first day of school. Polly and I were late to school. We went to this room where there was a buffet of food. It was a cooking class. We played a game and I felt stupid.'",0.0156206844318613,0.2522754296848147,3 3 30 30 3 3 3 3 3 3 3 3 3 3 12 12 63 63 63 63 63 1 1 1 1 1 37 37 37 37
10246," '11', ' '[age 13]', ' 'Jon Bon Jovi was going to come to my school for a concert. There were airplane-like seats that tilted back all the way. Everyone from school was there. It was great. I got front row seats!'",0.0156206844318613,0.2522754296848147,3 3 3 3 3 3 3 3 63 63 107 56 111 111 111 111 3 3 1 1 30 37 3
10831," '0222', ' 'I was in a military quarters in Nancy, France where I had served a  of years. I had the unpleasant duty of being officer of the day. I called a very good friend of mine to see if he would mind taking my place. I received no apparent answer. After being on duty for three days without relief (usual tour of duty - 24 hours) I approached the adjutaret and claimed that his duty roster was not correct. No answer was received. Then I tried to call someone else. I had his telephone  on a piece of paper in my mind. Each time I dialed, I received a wrong . After an infinite  of calls I gave up. Later I helped a friend move to a new apartment and became completely exhausted. Everyone in the dream was male.'",0.0335107015493083,0.2522754296848147,1 1 1 1 1 1 1 1 11 1 1 1 1 1 1 22 1 22 22 42 42 4 4 4 4 4 17 17 74 74 74 74 74 1 1 1 1 1 59 59 1 1 1 48 1 1 1 1 1 1 1 1 1 1 125 4 112 112 112 112 112 74 74 74 93 93 93 93 93 93 93 93 74 74 65 65 65 65 65 74 74 74 74 74 74 74 74 1 1 0 0 45 45 118 77 45 45 45 29 29 29 51 22 22 38 12 12 111 7 7 7 87 11
10999," '0167', ' 'I was sitting in a classroom of the Hebrew school. As I was sitting there the director came in and mentioned that he might be able to give me a permanent job. He then began going through his desk, apparently looking for some card or piece of paper which I thought was probably a report on how I had done with the class I taught. Before he found the card I woke up.'",0.0176155827269295,0.2522754296848147,65 65 65 74 74 74 74 74 74 74 7 7 7 74 74 74 7 7 7 7 1 1 1
11025," '0068', ' ""I dreamt I was in a church about to get married to a girl I work with. In the middle of the service I left the altar and went to the organ to sing a wedding song. After I sang, I came back to the altar and the service went on. I don't remember whether the service was finished, but the one thing that sticks in my mind is that I didn't get married.""",0.0176155827269295,0.2522754296848147,120 120 3 19 19 19 1 19 1 7 7 7 74 74 1 1 74 74 74 74 74 74 4 4
13188," '1438', ' '12/26/1997', ' ""Working Two Jobs  I'm working two jobs. It is Christmas break from school, and I'm at home. My brother Wally may work a job with me. One is a day job, and one is an evening job. My dad is there. I hurry to get from job to job at about 5:00pm. I feel good about working: I feel busy.""",0.0722634489381906,0.2522754296848147,119 119 1 3 3 1 1 3 3 3 111 22 3 22 22 22 22 74 74 1 1 1 1 1 1 1 1 1 1 1 1 1 1 1 51 51 51 74 74 74 1 1 74 74 74 1 1 121 121
13726," '1324', ' '11/17/1997', ' 'The Answering Pen  I\'m in my Brain, Mind, and Behavior class. It is in one of the large quad rooms in Wonkers Hall. My friends Melanie McDyss and Erica Lange are in the class. We\'re going over a test that was just returned to us. I got a 54 on the test, which was the highest score. Melanie got a 53. This is the first time I\'ve ever scored higher than Melanie. We are all asked the question, ""How do we know... (something)?"" I answer something about the bipolar spatial map in the brain. There is another question that one got credit for if they put their name, as if that is proof for their being. My answer was about driving by the Powerton power plant, where I remember something about learning a special lesson on color. When one is responding one holds a pen: the answering pen. I give the answering pen to Melanie.'",0.0627776065400698,0.2522754296848147,4 74 74 74 74 74 74 74 37 37 63 10 10 10 63 63 63 63 63 63 22 22 22 22 1 1 74 74 1 1 1 1 1 1 120 120 1 1 1 1 1 74 74 1 1 1 48 61 37 1 1 1 1 1 1 1 1 1 1 2 74 74 74 27 74 74 74 74 74 41 74 74 74 74 74 74 37 74 74 74 118 74 74 83 83 74 60 74 74 83 83 83 83 83 83 83 83 83 83 25 25 25 25 35 25 25 25 40 40 40 74 74 74 74 74 74 74 74 15 15 15 15 15 15 15 15 15 15 60 60 60 74 74 60
14276," '0225', ' 'Dorms:05/19/01', ' 'Having trouble remembering dreams lately.  Going somewhere with my long time friend Kip.  Some place with my Environmental Ethics class.  To get food at the dining hall.  Came in late.  Someone handed me a paper we needed.  It was cramped and stressful.'",0.0963643519259557,0.2522754296848147,1 1 1 1 1 1 1 1 1 1 1 1 1 51 51 51 51 46 46 60 60 60 60 60
14288," '0245', ' 'Dorms:06/18/01', ' 'I kept dreaming of driving, and for some reason or another, having to slam on the brakes, over and over again, waking myself up each time.  The night was not restful.'",-0.1068000887808945,0.2522754296848147,40 35 35 35 35 1 1 73 73 77 77 77 77 77 77 77 77 1 1 1
15839," 'Sam-S-1', ' '02/26/64', ' ""I dreamed I was taking (Gestalt?) physiology examination. I was working through the examination and I got to this one problem, which was a carbon atom labeling problem, and it was fairly difficult. I spent a long time working through the problem in some detail. It took a very long time to solve. It was a problem concerning the pentose shunt mechanism where you had to figure out which carbon he wanted. In other words, its decarboxilation mechanism where 6 glucose (M oities?_____) eventually end up as 5 glucose (moities?______), but the carbon atoms and the glucose molecules have become rearranged, and the problem is to give it an initial glucose molecule with labeled carbons in it so as to find out how this ends up. I successfully completed this problem after having spent this time on it, and then continued on with the test. The dream was essentially all day residue. I'm anticipating a test and the carbon labeling was the essential  of an entire lecture given earlier this week by Dr. Valuteman.""",0.0582543312819021,0.2522754296848147,19 19 35 35 35 37 1 35 35 7 7 7 7 7 7 7 74 74 74 7 57 57 11 11 1 1 1 1 1 1 1 1 1 1 7 7 1 1 1 1 1 1 1 1 1 1 74 74 17 17 74 74 24 24 17 17 24 74 74 74 74 74 74 74 56 56 74 107 105 77 77 77 75 24 24 24 24 24 24 24 24 24 74 74 74 74 5 5 5 37 24 104 52 52 52 52 52 52 104 74 74 74 1 1 1 1 1 1 1 1 1 1 1 77 1 74 74 74 74 74 37 37 37 37 37 37 1 1 1 74 74 74 74 37 37 37 37 37 1 1 37
10380," '0003', ' 'I was in water like a lake up to my waist and my sister (16) was with me. We were striving desperately to get away from a large Negro man, but the water was holding us back. I feared that he was going to rape us, but then I realized he would not.'",-0.0987995889353421,0.2470920946561765,101 101 101 62 62 62 62 62 62 62 73 73 31 31
691," '1141', ' '12/10/88', ' ""A housing project is being built and the military is thinking that the women are ruining and shutting down the project for dumb reasons. The women aren't shutting it down. They are restructuring it to be more humane and good.""",0.1189550272472282,0.2398805564560845,74 74 74 33 33 33 33 33 33 33 33 33 33 48 1 33 33 33 33 33 33 33 33 33 33 109 24 24
723," '0737', ' '05/04/85', ' ""A room full of women and children are getting raped. I protest to the council. The men on the council laugh at me because the women were wives and therefore weren't raped, because a husband has the right.""",0.1189550272472282,0.2398805564560845,33 33 33 33 33 33 33 33 33 33 33 33 33 33 33 33 33 33 33 33 33 33 109 109 109 33 22 22 14
1360," '0244', ' '01/19/81', ' ""Sharks. Howard and Karen are keeping my children. I babysit their child and try to negotiate for more time with mine. The University house. I'm hiding. A party. Several men are out to get me. I'm running.""",0.0679626492483334,0.2398805564560845,86 86 86 86 33 33 33 33 62 62 62 26 1 3 3 3 3 3 3 3 3 3 119 119 119 119 119
6803," '859', ' '10/15/64', ' 'I will go to Alaska in July. I didn\'t hear what Miss Wilson said. ""What are the children doing here?"" ""This little girl\'s home is here."" ""Is that so?""'",0.1189550272472282,0.2398805564560845,34 34 93 93 93 93 93 93 93 96 17 17 17 33 33 33 33 33 17 17
8925," '1261', ' '2006-04-05', ' 'Vince P betrayed me and a couple of other people. One of the others confronted him and then I confronted him. It had something to do with some other friends too. I said to some women friends, ""That\'s what girlfriends do.""'",0.1189550272472282,0.2398805564560845,119 119 33 33 33 33 33 33 62 62 62 62 62 62 41 41 41 41 33 33 33 33 33 33 33 33 33 33 33 33
16153," '067', ' 'F, age 16', ' 'It was in the street in the middle of the day, but it was dark. And me and all the people in my grade that I hang out with - boys and girls - were fighting like boxing in the streets. Then we would go back to school. Then the next minute everyone was at my house eating chicken and it kept switching off like that. All the people in it were my friends, 16, 17. The people weren\'t really talking. The only thing I can recall being said was, ""Let\'s go eat chicken.""'",0.0427488541569557,0.2398805564560845,82 107 107 107 107 107 107 30 30 30 30 113 113 113 8 33 33 33 33 104 33 33 33 33 33 33 33 33 33 33 33 33 8 82 82 82 82 82 82 3 51 51 51 51 1 3 51 1 1 1 46 28 77 77 77 77 77 77 77 77 77 77 33 33 33 33 33 33 33 33 33 33 57 58 27 27 27 74 24 24
6666," '279', ' '12/08/57', ' ""M. is here and I've just mailed her a Christmas card. I think what a nuisance. I told her nothing and asked nothing in it that we've not told each other.""",0.0176155827269295,0.2387496196747523,1 1 1 1 1 74 74 74 74 74 41 27 41 31 31 31 31 112 31 27
7855," '0534', ' '2003-02-11', ' ""I was communicating with someone about catalyst. I saw communicating because I don't know if it was by phone or email or on catalyst. I said that I had decided to at least come in and establish my presence in dissertation proposal writing. There was some conversation about my continued confusion about not being able to be in dissertation seminar this semester when I was in it last semester, and having to go back into dissertation proposal writing instead.""",0.0240060612687393,0.2387496196747523,46 46 2 25 25 2 47 93 27 93 93 93 93 93 93 93 74 31 31 7 24 24 24 24 24 24 24 24 74 74 74 74 74 74 74 74 74 25 25 25 25 1 25 1 1 1 1 1 1 1 37 37 37 1 1 1 73 73 73 73 1 74
10514," '0375', ' ""It was the day of my history test. I had studied hours and hours and thought I knew everything. When I entered the classroom, my mind went completely blank. The professor began to yell at me and I became very upset. I couldn't think of one answer and this test meant either passing or failing. The whole attention of the class was turned to me. The hour seemed to last hours. I flunked the test.""",0.0176155827269295,0.2387496196747523,120 120 120 75 93 120 120 120 31 31 31 31 27 27 27 27 74 74 74 74 74 74 7 74 74 7 1 74 74 74 74 74 1 103 103 103 103 1 1 1
4454," '3664', ' '(12/26/99)[""Back to work.""] I am trying to get my forms filled out because I am returning to work at the community college. Bonnie is with me. I have to find a counselor to sign the forms and I have to sign them. I look for where the signatures will go and finally find them. There are two important meetings happening at the same time. A women\'s organization and an all staff meeting. I am torn as to which one to go to. Then as we enter the auditorium, it was decided by others the all staff was most important and the other meeting was canceled. I see Theodore and ask him to sign my form. He does so.'",0.1189550272472282,0.2382107586271957,33 33 33 33 33 3 3 3 3 38 38 38 38 38 2 2 2 2
2626," '3092', ' '12/03/96', ' 'I am telling one of my daughters that I had stayed up all night working on linking my dreams. I did all 3,000 of them. I feel exhausted. I say I worked from 7:30 to 12.'",0.0156206844318613,0.2365409607983069,45 38 38 111 3 3 3 3 3 3 3 3 3 1 74 121 121 121 121 121 121 121 121
5348," '149', ' '06/20/2004 (age 15)', ' 'I dreamed that I lived on the 2nd floor of Bundy and I lived with a new Asian girl. We met for hockey practice every day. She was nice. We had trouble storing all our stuff though.'",0.2400017480447882,0.2365409607983069,28 28 38 38 38 38 38 38 38 38 38 38 38 38 38 38 38 38 1 1 79 7 79 79
5809," '0505', ' 'Code 070, Age 20, 04/01/47', ' 'I dreamed that I was very anxious to buy a ticket to a certain theatrical production which was being presented. However, after standing in line for a long while I discovered I had no money with me and I was quite distressed about it. One of my friends refused to lend me the money, but another girl whom I knew who was also in line, offered to get the ticket for me. I remember specifically asking her to get tickets in section 999. Interpretation No interpretation. Answers to questions 2. I was distressed when I found I had no money for the ticket.3. I was an actual participant4. It was unpleasant at first; but it became pleasant when I found I could get the ticket after all.5. No6. No'",0.0949541700318162,0.2365409607983069,24 1 24 24 24 1 1 60 1 1 1 1 37 37 37 1 55 1 55 55 55 55 1 1 1 1 1 1 60 60 7 7 57 57 57 57 57 33 33 33 22 22 22 22 22 62 62 60 31 62 62 7 7 46 38 38 38 38 83 60 60 60 1 1 74 74 74 74 74 2 74 1 1 1
6512," '240', ' '06/23/56', ' ""A pretty young girl asks me if I do psychological testing. Could I test a group for her? I ask where the children are. In Dans, California. I think perhaps I could go there and do it. I'll ask my doctor.""",0.174608884492427,0.2365409607983069,96 49 2 74 74 74 74 74 74 74 17 83 56 119 119 33 33 38 38 33 33 33 38 17 24 24 34 34 34 34
6850," '16', ' '04/03/12', ' 'Again on steamer with Miss Meek and a boy who tried to make himself out a coward. Making greens for wedding. (Sister, also in China and staying with us was to be married within a fortnight.) Ship stopped at port this side of Nagasaki.'",0.0722634489381906,0.2365409607983069,93 26 5 62 62 62 62 62 62 74 1 1 22 22 22 22 22 22 22 22 38 38 38 38 76 38 62 38 38 40 40
10871," '0095', ' ""In the dream, I was employed as a clerk in a large department store. As lunch time approached, I was anxious to get to the cafeteria, as I was very hungry. However, I was waiting on an elderly woman customer who couldn't make up her mind what kind of drapes she wanted to buy. She kept taking up my time all afternoon, so that I was unable to go to lunch at all. Finally I became so irate that I became very antagonistic toward the woman. She informed the supervisor, and he told me to be more courteous and wait on the lady. Finally she decided on the purchase, paid me, and left. The currency she paid me looked rather suspicious to me at the time, but I angrily went on about business. When the cash register was checked at the end of the day, the bills were found to be counterfeit. For some illogical reason the supervisor said that he was going to call the police to have me arrested.""",0.0176155827269295,0.2365409607983069,110 110 9 1 1 1 1 1 1 1 1 1 1 38 1 1 1 1 1 1 55 55 55 55 26 26 46 26 26 26 4 74 74 74 74 74 74 74 74 74 31 60 60 60 60 60 60 60 1 1 1 1 1 1 30 1 51 51 51 51 51 51 30 77 120 121 121 121 121 121 121 121 26 26 26 26 26 26 38 24 24 24 24 24 51 39 6 51 51 51 51 77 77 77 77 1 1 1 1 1 7 7 7 7 11 11 1 75 75 27 30 30 30 1 1 1 1 1 1 1 25 1 3 75 1 1 1 1 1 3 3 1 1 1 1 1 7 7 24 24 1 27 27 29 93 93 93 93 93
